165,73,61,147,82,67,192,55
165,73,61,147,82,67,192,55
165,73,61,147,82,67,192,55
165,73,61,147,82,67,192,55
165,73,61,82,147,67,192,55
165,73,61,82,147,67,192,55
165,73,61,82,147,67,192,55
165,73,61,82,147,67,192,55
165,73,61,82,147,67,192,55
165,73,61,82,147,67,192,55
165,73,61,82,147,67,192,55
165,73,61,82,147,67,192,55
165,73,61,82,147,67,192,55
165,73,61,82,147,67,192,55
165,73,61,82,147,67,192,55
165,73,61,82,147,67,192,55
165,73,61,82,147,67,192,55
165,73,82,61,147,67,192,55
165,73,82,61,147,67,192,55
165,73,61,82,147,67,192,55
165,73,61,82,147,67,192,55
165,73,61,82,147,67,192,55
165,73,61,82,147,67,192,55
165,73,61,82,147,67,192,55
165,73,61,82,147,67,192,55
165,73,61,82,147,67,192,55
165,73,61,82,147,67,192,55
165,73,61,82,147,67,192,55
165,61,56,82,147,67,192,55
165,61,56,82,147,67,192,159
165,61,56,82,147,67,192,159
165,61,56,82,147,67,192,159
165,61,56,82,147,67,192,159
165,61,56,82,147,192,67,159
165,61,82,56,147,192,67,159
56,165,61,82,147,192,159,67
56,165,61,82,192,147,159,67
56,165,61,82,192,159,147,67
56,165,61,82,159,192,147,67
56,165,61,82,159,192,147,67
56,165,82,61,159,192,147,67
56,165,82,61,159,192,147,67
56,165,82,61,159,192,147,67
73,165,82,61,159,192,147,67
73,165,82,61,159,192,147,67
73,165,82,61,159,192,147,67
73,165,82,61,159,192,147,67
73,165,82,159,61,192,147,67
73,165,82,159,61,192,147,67
73,165,82,159,61,192,147,67
73,165,82,159,61,192,147,67
73,165,159,82,61,192,147,67
73,159,165,82,61,192,147,67
73,159,165,82,192,61,147,144
73,159,165,82,192,61,147,144
73,159,165,82,192,147,61,144
73,159,165,82,192,144,147,61
73,159,165,82,144,192,147,61
73,159,165,82,144,192,147,61
73,159,144,165,82,192,147,61
73,159,144,165,82,192,147,61
73,159,144,165,82,192,147,61
73,159,144,165,82,192,147,61
73,159,144,165,82,192,147,61
73,144,159,165,82,192,147,61
73,144,159,82,165,192,147,61
73,144,159,82,165,192,147,61
73,144,159,82,165,192,147,61
73,144,159,82,165,192,147,61
73,144,159,82,165,192,147,61
73,144,82,159,165,192,147,26
73,144,82,165,159,192,147,26
73,144,82,165,159,192,147,26
56,144,82,165,159,192,147,26
56,144,82,165,159,192,147,26
144,56,82,165,159,192,147,26
144,56,82,165,159,192,147,26
144,56,82,165,159,192,147,26
144,56,82,165,159,147,192,26
144,56,82,165,159,147,192,26
144,56,82,165,159,147,192,26
144,56,82,159,165,147,192,26
144,56,82,159,165,147,192,26
144,56,82,159,165,147,192,180
144,56,82,159,165,147,192,180
144,56,82,159,165,147,192,180
144,56,82,159,165,147,192,180
144,56,82,159,165,180,147,192
144,82,56,159,165,180,147,192
144,82,159,56,165,180,147,192
144,82,159,180,56,165,147,192
144,180,82,159,56,165,147,192
144,180,82,159,56,165,147,192
180,144,82,159,165,56,147,192
180,144,82,159,165,56,147,192
73,144,82,159,165,56,192,147
73,144,82,159,165,56,192,147
144,73,82,159,165,56,192,147
144,73,82,165,159,56,192,147
144,82,165,159,73,56,192,147
144,82,165,159,56,73,192,147
144,82,165,159,56,192,147,73
144,82,165,159,56,192,147,73
144,82,165,159,56,192,147,73
144,82,165,159,56,192,147,73
144,82,159,165,56,192,147,73
144,82,159,165,56,192,147,73
82,144,159,165,56,192,147,73
82,144,159,165,56,192,147,73
82,144,159,165,192,56,147,73
82,159,144,165,192,56,147,73
82,159,144,165,192,56,147,73
82,159,144,165,192,56,147,73
82,159,144,165,192,56,147,73
82,159,144,165,192,56,147,73
82,159,144,165,192,56,147,73
82,159,144,165,192,56,147,73
82,159,144,165,56,192,147,73
82,159,144,165,56,192,147,73
82,159,144,165,56,192,147,73
82,159,144,165,56,192,147,73
82,159,144,165,56,192,147,73
82,159,144,165,56,192,147,73
82,159,144,165,56,192,147,73
82,159,144,56,165,192,147,73
82,144,159,56,165,192,147,73
82,144,159,56,165,192,147,73
82,144,159,56,165,192,147,73
82,144,159,56,192,165,147,73
82,144,159,56,192,165,147,73
82,144,159,56,192,165,147,73
82,144,159,56,192,165,147,73
82,144,159,56,165,192,147,73
82,159,144,56,165,192,147,73
82,159,144,56,165,192,147,73
82,159,144,56,165,192,147,73
82,159,144,56,165,192,147,73
82,159,144,56,165,192,147,73
82,159,144,56,165,192,147,171
82,159,144,56,165,192,147,171
82,159,144,56,165,192,147,171
82,159,144,56,165,192,147,171
82,159,56,144,165,147,192,171
82,159,56,144,165,147,192,171
82,159,56,144,165,147,192,171
82,159,56,144,165,147,192,171
82,159,56,144,165,147,192,171
82,159,56,144,165,147,192,171
82,159,56,165,144,171,192,147
82,159,56,171,165,144,192,147
82,159,171,56,165,144,192,147
82,171,159,56,165,144,192,147
82,171,159,56,165,144,192,147
82,171,159,56,165,144,192,147
82,171,159,56,165,144,192,147
82,171,159,56,165,192,144,147
82,171,159,56,165,192,144,147
82,171,56,159,165,192,144,147
171,82,56,159,165,192,144,147
171,82,56,159,165,192,144,147
171,82,56,159,165,192,144,147
180,82,56,159,165,192,144,147
180,82,159,56,165,192,144,147
180,82,159,56,165,192,144,147
180,82,159,56,165,192,144,147
180,159,56,82,165,192,144,147
180,159,56,165,192,82,144,147
180,159,56,192,165,147,144,82
180,159,56,192,165,147,144,82
180,159,56,192,165,147,144,82
171,159,56,192,165,147,144,82
159,171,56,192,165,147,144,82
159,56,171,192,165,147,144,26
159,56,192,165,171,147,144,26
159,56,192,165,171,147,144,26
159,56,192,165,147,26,144,171
159,56,192,165,26,147,144,82
159,56,192,165,26,147,144,82
159,56,192,165,26,147,144,82
159,56,192,165,26,147,144,82
159,56,192,165,26,147,82,302
159,56,192,165,26,147,82,302
159,56,192,26,165,147,82,302
159,56,192,26,165,147,82,302
159,56,26,192,165,147,82,302
56,159,26,192,165,147,82,302
56,159,26,192,165,147,82,302
26,56,159,192,165,147,82,302
26,56,159,192,165,147,82,302
26,159,56,192,165,147,82,302
26,159,56,192,165,147,82,302
26,159,56,192,165,147,82,302
26,159,56,192,147,165,82,302
26,159,56,192,147,165,82,302
26,159,56,192,147,165,82,302
159,180,56,192,147,165,82,302
159,180,56,192,147,165,82,302
159,56,180,192,147,165,82,302
159,56,180,192,147,165,82,302
159,56,180,192,147,165,82,302
159,56,180,192,147,165,82,302
159,56,180,192,147,165,82,302
159,56,192,180,165,147,82,302
159,56,192,165,147,180,82,302
159,56,192,165,147,180,171,82
159,56,192,165,147,180,302,171
159,56,192,302,165,147,180,171
159,302,56,192,165,147,171,180
302,159,192,56,165,147,171,180
302,159,192,56,165,147,171,180
26,159,192,56,165,147,171,180
26,159,192,56,165,147,171,180
26,159,192,56,165,147,171,180
26,159,192,56,165,147,180,171
26,159,192,56,165,147,180,82
26,159,192,56,165,147,82,171
26,159,192,165,56,147,82,171
26,159,192,165,56,147,82,171
26,159,192,165,56,147,82,171
26,159,192,165,56,147,82,171
26,159,192,165,56,147,82,171
26,159,192,165,56,147,82,171
26,159,192,165,56,147,82,171
159,26,192,165,56,147,82,171
159,26,192,165,56,147,128,82
159,26,192,165,56,147,128,82
26,159,192,165,56,147,128,82
26,159,192,165,56,147,128,82
26,159,192,165,56,147,128,82
26,159,192,165,56,147,128,82
26,159,192,56,165,147,128,82
26,159,192,56,165,147,128,82
26,159,192,56,165,147,128,82
26,159,192,56,165,147,128,82
26,159,192,56,165,147,128,82
26,159,192,56,165,147,128,82
26,159,192,56,165,147,128,82
26,159,192,56,165,147,128,82
26,159,192,56,165,147,128,82
26,159,192,56,165,147,128,82
26,159,192,56,165,147,128,82
26,159,192,56,165,147,128,82
26,159,192,56,165,147,128,82
26,159,192,56,165,147,128,82
26,159,192,56,165,147,128,82
26,159,192,56,165,147,128,82
26,159,192,56,165,147,128,82
26,159,192,56,165,147,128,82
26,159,192,56,165,147,128,82
26,159,192,56,147,165,128,82
26,159,192,56,147,165,128,44
26,159,192,56,147,165,128,44
26,159,192,56,147,165,128,44
26,159,192,56,147,165,128,44
159,26,192,56,147,165,128,44
159,26,192,56,147,128,165,44
159,26,192,56,147,128,165,44
159,26,192,56,147,128,165,44
159,26,192,56,147,128,165,44
159,192,26,56,147,128,165,44
159,192,26,56,147,128,165,44
159,192,26,56,147,128,165,44
159,192,26,56,147,128,165,44
159,192,26,56,147,128,44,165
159,192,26,56,147,128,44,165
159,192,26,56,147,128,44,165
159,192,26,56,147,128,44,165
192,159,26,147,56,128,44,165
192,159,26,147,56,44,128,165
192,159,26,147,56,44,128,165
192,159,26,147,44,56,128,165
192,26,159,44,147,56,128,165
192,26,159,44,147,56,128,165
192,26,159,44,147,56,128,165
192,26,159,44,147,56,128,165
192,26,159,44,147,128,56,165
192,26,44,159,147,128,56,165
192,26,44,159,147,128,56,165
192,26,44,159,147,128,56,165
192,26,44,159,147,128,56,165
192,26,44,147,159,128,56,165
192,26,44,147,159,128,56,165
192,26,44,147,128,159,56,165
192,44,26,147,128,159,56,165
192,44,26,147,128,159,56,165
192,44,26,147,128,56,159,165
192,44,26,147,128,56,159,165
44,192,26,147,128,56,159,165
44,192,26,147,128,56,159,165
44,192,26,147,128,56,159,165
44,192,26,147,128,56,159,165
44,192,26,147,128,56,159,165
44,192,26,147,128,56,159,165
44,192,26,147,128,56,159,165
44,192,26,147,128,56,159,165
44,192,26,147,128,56,159,165
44,192,26,147,128,56,159,165
44,192,26,147,128,56,159,165
44,192,26,147,128,56,159,165
44,192,26,147,128,56,159,165
192,44,26,147,56,128,159,165
192,44,26,147,56,128,159,165
192,44,26,147,56,128,159,165
192,44,26,147,56,128,159,165
192,44,26,56,147,128,159,165
192,44,26,56,147,128,159,165
192,44,26,56,147,128,50,67
192,44,26,56,147,128,50,67
192,44,26,56,147,128,50,67
192,44,26,56,147,128,50,67
192,44,26,56,147,128,50,67
192,44,26,147,56,128,50,67
192,44,26,147,56,128,50,67
192,44,26,147,56,128,50,67
192,44,26,147,56,128,50,67
192,44,26,147,56,128,50,67
192,44,26,147,56,128,50,67
192,44,26,147,56,128,50,67
192,44,26,147,56,128,50,67
192,44,26,147,56,128,50,67
192,44,26,147,56,128,50,67
192,44,26,147,56,128,50,67
192,44,26,147,56,128,50,67
192,44,26,147,56,128,50,67
192,44,26,147,56,128,50,67
192,44,26,147,56,128,50,67
192,44,26,147,56,128,50,67
192,44,26,147,56,128,50,67
192,44,26,147,56,128,50,67
192,44,26,147,56,128,50,67
192,44,26,147,128,56,50,67
192,44,26,147,128,56,50,67
44,26,302,147,128,56,50,67
26,44,147,302,128,56,50,67
26,44,147,302,128,56,50,67
44,147,26,302,128,56,50,67
44,147,26,302,128,56,50,67
44,147,302,26,128,56,50,67
44,147,302,26,128,56,50,67
44,302,147,26,128,56,50,67
44,302,147,26,128,56,50,67
44,302,147,26,128,56,50,67
44,302,147,26,128,56,50,67
44,302,147,26,128,56,50,67
44,302,147,26,128,56,50,67
44,302,147,26,128,56,50,67
44,302,147,26,128,56,50,67
44,302,147,26,128,56,50,67
44,302,147,26,128,56,50,67
44,302,147,26,128,56,50,67
44,302,147,26,128,56,50,67
44,302,147,26,128,56,50,67
44,302,147,26,128,56,50,67
44,302,147,26,128,56,50,67
44,302,147,26,128,56,50,67
44,302,147,26,128,56,50,67
44,302,147,26,128,56,50,67
44,302,147,26,128,56,50,67
302,44,147,26,128,56,50,67
302,44,147,26,128,56,50,67
302,44,147,26,128,56,50,67
302,147,44,26,128,56,50,67
302,147,44,26,128,56,50,67
302,44,147,26,56,128,50,67
302,44,147,26,56,128,50,67
44,302,147,26,56,128,50,67
44,302,147,26,56,128,50,67
44,302,147,26,56,128,50,67
44,302,147,26,56,128,50,67
44,302,147,26,56,128,50,67
44,302,147,26,56,50,128,67
44,147,302,26,50,56,128,67
44,147,50,302,26,56,128,67
44,50,147,26,302,56,128,67
50,44,147,26,302,56,128,67
50,44,147,26,302,56,128,67
50,44,147,26,302,56,128,67
50,44,147,26,302,56,128,67
50,44,147,26,302,56,128,67
50,44,147,26,302,56,128,67
50,44,147,26,302,56,128,67
50,44,147,26,302,128,56,67
192,44,147,26,302,128,56,67
192,44,147,26,302,128,56,67
192,44,147,302,26,128,56,67
192,44,147,302,26,128,56,67
44,147,192,302,26,128,56,67
44,147,302,26,128,56,192,67
44,147,302,26,128,56,192,67
147,44,302,128,26,56,192,67
147,44,302,128,26,56,192,67
44,302,50,128,26,56,192,67
44,302,128,26,56,50,192,67
44,302,128,26,56,50,192,67
44,302,128,26,56,50,192,67
44,302,128,26,56,50,192,67
44,302,128,26,56,50,192,67
44,302,128,26,56,50,192,67
44,302,128,26,56,50,192,67
44,302,128,26,56,50,192,67
44,302,128,26,56,50,192,67
44,302,128,26,56,50,192,67
44,302,128,26,56,50,192,67
44,302,128,26,56,50,192,67
44,302,128,26,56,50,192,67
44,302,26,128,56,50,192,67
44,302,26,128,56,50,192,67
44,302,26,128,56,50,192,67
44,302,26,128,56,50,192,67
44,302,26,128,56,50,192,67
44,302,26,128,56,50,192,67
44,302,26,128,56,50,192,67
44,302,26,128,56,50,192,67
44,302,26,128,56,50,192,67
44,302,26,128,56,50,192,67
44,26,302,128,56,50,192,67
44,26,302,128,56,50,192,67
44,26,302,128,56,67,50,192
44,67,26,302,128,56,50,192
67,44,26,302,128,50,56,192
147,44,26,302,128,56,50,192
147,44,26,302,128,56,50,192
147,44,26,302,128,56,50,192
147,44,26,302,128,56,50,192
147,44,26,302,128,56,50,192
147,44,26,302,56,128,50,192
147,44,26,56,302,128,179,50
147,44,26,56,302,128,179,50
147,44,26,302,56,128,179,50
147,44,26,302,56,128,179,50
147,44,26,302,56,128,179,50
147,44,26,302,56,128,179,50
147,44,302,26,128,56,179,50
147,44,302,128,26,56,179,50
147,44,302,128,56,26,179,50
147,44,302,128,56,26,179,50
147,44,302,128,56,26,179,50
147,44,302,128,56,26,179,50
147,44,302,128,56,26,179,50
147,44,128,302,56,26,179,50
147,44,128,302,56,26,179,50
147,44,128,302,56,26,179,50
147,44,128,302,26,56,179,50
147,44,128,302,26,56,179,82
147,44,128,302,26,56,82,179
147,44,128,302,26,56,82,179
147,44,128,302,26,56,82,50
147,44,128,302,26,56,82,50
147,44,128,302,26,56,82,50
147,44,128,302,26,56,82,50
147,44,128,302,26,56,82,85
147,44,128,302,26,56,82,85
147,44,128,302,26,56,82,85
147,44,128,26,302,56,82,85
147,44,128,26,302,56,82,85
147,44,128,26,302,56,82,85
147,44,128,26,302,56,82,85
67,44,128,26,302,56,82,85
67,44,128,26,302,56,82,85
67,44,128,26,302,56,82,85
67,44,128,26,302,56,82,85
67,44,128,26,302,56,82,85
67,44,128,26,302,56,82,85
67,44,128,26,302,56,82,85
67,44,128,26,302,56,82,85
67,44,128,26,302,56,82,85
67,44,128,26,302,56,82,85
67,44,128,26,302,56,82,85
67,44,128,26,302,56,82,85
67,44,128,26,56,302,82,85
67,44,128,26,56,302,82,85
67,44,128,26,56,82,302,85
67,44,128,26,56,82,302,85
67,44,128,26,56,82,302,85
67,44,128,26,56,82,302,85
67,44,128,56,26,82,302,85
67,44,128,56,26,82,302,85
67,44,128,56,82,26,302,85
67,44,128,56,82,26,302,85
67,44,128,56,82,26,302,85
67,44,128,56,82,26,302,85
67,44,128,56,82,26,302,85
67,44,128,56,82,26,302,85
67,44,128,56,82,26,302,85
67,44,128,56,82,26,302,85
67,44,128,56,82,26,302,85
67,44,128,56,82,26,302,85
67,44,128,56,82,26,302,85
67,44,128,56,82,26,302,85
67,44,128,56,82,26,302,85
67,44,128,56,82,26,302,85
67,44,128,56,82,26,302,85
67,44,128,56,82,26,302,85
67,44,128,56,82,26,302,85
67,44,128,56,82,26,302,85
67,44,128,56,82,26,302,85
67,44,128,56,82,26,302,85
67,44,128,56,82,26,302,85
67,44,128,56,82,26,302,85
67,44,128,56,82,26,302,85
67,44,128,56,82,26,302,85
67,44,128,56,82,26,302,85
67,44,128,56,82,26,302,85
67,44,128,56,82,26,302,85
67,44,128,56,82,26,302,85
67,44,128,56,82,26,302,85
67,44,128,56,82,26,302,85
67,44,128,56,82,26,302,85
67,44,128,56,82,26,302,85
67,44,128,56,82,26,302,61
67,44,128,56,82,26,302,61
67,44,128,56,82,26,302,61
67,44,128,56,82,26,302,61
67,44,128,56,82,26,302,61
67,44,128,56,82,26,302,61
67,44,128,56,82,26,302,61
67,44,128,56,82,26,302,61
67,44,128,56,82,26,61,302
67,44,128,56,82,26,61,302
67,44,128,56,82,26,61,302
67,44,128,56,82,26,61,302
67,44,128,56,82,26,61,302
67,44,128,56,82,26,61,302
67,44,128,56,82,26,61,302
67,44,128,56,26,82,61,302
67,44,128,56,26,82,61,302
67,44,128,56,26,82,61,302
67,44,128,26,56,61,82,302
67,44,128,61,26,56,82,302
67,128,44,61,26,56,82,302
67,128,44,61,26,56,82,302
67,128,61,44,26,56,82,302
67,128,61,44,26,56,82,85
67,128,61,26,44,56,82,73
67,128,61,26,56,44,82,73
67,128,61,26,56,82,44,73
67,128,61,26,56,82,44,73
67,61,128,26,56,82,44,73
67,61,128,26,56,82,44,73
67,61,128,26,56,82,44,73
67,61,128,26,56,82,44,73
67,61,128,26,56,82,44,73
67,61,128,26,56,82,44,73
67,61,128,26,56,82,44,73
67,61,128,26,56,82,44,73
67,61,128,26,56,82,73,44
67,128,61,26,56,82,73,85
67,128,61,26,56,82,73,85
67,128,61,26,56,82,73,85
67,128,61,26,56,82,85,73
67,128,61,26,56,82,85,73
67,128,61,26,56,82,85,73
128,67,61,26,56,85,82,73
128,67,61,26,85,56,82,73
128,67,61,26,85,56,82,73
128,67,61,85,26,56,82,73
128,67,61,85,26,56,82,73
128,67,61,85,26,56,73,82
128,67,61,85,26,56,73,82
128,67,61,85,56,26,73,82
128,67,61,85,56,26,73,82
128,67,61,85,56,73,26,82
128,67,61,85,56,73,82,26
128,67,61,85,56,73,82,26
128,61,67,85,56,73,82,26
128,61,67,85,56,73,82,26
128,61,67,85,56,73,82,26
128,61,67,85,56,73,82,26
128,61,67,85,56,73,82,26
128,61,67,85,56,73,82,26
128,61,85,67,56,73,82,26
128,61,85,67,56,73,82,26
128,61,85,67,56,73,82,26
128,61,85,67,56,73,82,26
128,61,85,67,56,73,82,26
128,61,85,67,56,73,82,26
128,61,85,56,73,67,82,26
128,61,85,56,73,67,82,26
128,61,85,56,73,67,82,26
128,61,56,85,73,67,82,26
128,61,56,73,85,67,82,26
128,61,56,73,67,85,82,26
128,61,56,73,67,85,82,26
128,61,56,73,67,85,82,26
128,61,56,67,73,85,82,26
128,61,56,67,73,85,82,26
128,61,56,67,73,85,82,26
128,56,61,67,73,85,82,26
128,56,67,61,73,82,85,26
128,56,67,61,73,82,85,26
128,56,67,61,73,82,85,26
128,61,56,67,73,82,85,26
128,61,56,67,73,82,85,26
128,61,56,67,73,82,85,26
128,61,56,67,73,82,85,26
128,61,56,67,73,82,85,26
128,61,56,67,73,82,85,26
128,61,56,67,73,82,85,26
128,61,56,67,73,82,85,26
61,147,56,67,73,82,85,26
61,147,56,67,73,82,85,26
61,147,56,67,73,82,85,26
61,147,56,67,73,82,85,26
61,147,56,67,73,82,85,26
61,147,56,67,73,82,85,70
61,147,56,67,73,82,85,70
61,147,56,67,73,82,85,70
61,147,56,67,73,82,85,70
61,147,56,67,73,82,85,70
61,147,56,67,73,82,85,70
147,61,56,67,73,82,85,70
147,61,56,67,73,82,85,70
147,61,56,67,73,82,85,70
147,61,56,67,73,82,85,70
147,56,61,67,73,82,85,70
147,56,61,67,73,82,85,70
147,56,61,67,73,82,85,70
147,56,61,67,73,82,85,70
147,56,61,67,73,82,85,70
147,56,61,67,73,82,85,70
147,56,61,73,67,82,85,70
147,56,61,73,67,82,85,70
147,61,56,73,67,82,85,70
147,61,56,73,67,82,85,70
147,61,56,73,67,82,85,70
147,61,56,73,67,82,85,70
61,147,56,73,67,82,85,70
61,147,56,73,67,82,85,70
61,147,56,73,82,67,85,70
61,147,56,73,82,67,85,70
61,147,56,73,82,67,85,70
61,147,56,73,82,67,85,70
61,147,56,73,82,67,85,70
61,147,56,73,82,67,85,70
61,147,73,56,82,67,85,70
61,147,73,56,82,67,85,70
61,147,73,56,82,67,85,70
61,73,147,56,82,67,85,70
61,73,147,56,82,67,85,70
61,73,147,56,82,67,85,70
61,73,147,56,82,67,85,70
73,61,147,56,82,67,70,165
73,147,61,56,82,67,70,165
73,147,56,61,82,67,70,165
73,147,56,61,82,67,70,165
73,147,56,61,67,82,70,165
73,147,56,61,67,82,70,165
73,61,147,56,67,82,70,165
61,73,147,56,67,82,70,165
61,73,147,56,67,82,70,165
73,147,56,67,82,128,70,165
73,56,147,67,82,70,128,165
56,73,147,67,82,70,128,165
56,147,73,67,82,70,128,165
56,147,73,67,82,70,128,165
56,147,73,67,82,70,128,165
56,147,73,67,82,70,128,165
56,73,147,67,82,70,128,165
56,73,147,67,82,70,128,165
56,73,147,67,82,70,128,165
56,73,147,67,82,70,128,165
56,73,147,67,82,70,128,165
56,73,147,67,82,70,128,165
56,73,147,67,82,70,128,165
56,73,147,67,82,70,128,165
56,73,147,67,82,70,128,165
56,73,147,67,82,70,128,165
73,61,147,67,82,70,128,165
73,61,82,67,147,70,128,165
73,61,82,67,147,70,128,165
73,61,82,67,147,70,128,165
73,61,82,67,147,165,70,128
73,61,82,165,67,147,70,128
73,165,61,82,67,147,70,128
165,73,61,82,147,67,70,128
165,73,61,82,147,67,70,128
56,73,61,82,147,67,70,128
56,73,61,82,147,67,70,128
56,73,61,82,147,67,55,70
56,73,61,82,147,67,55,70
56,73,61,82,147,67,55,70
56,61,73,82,147,67,55,70
56,61,73,82,147,67,55,70
56,61,73,82,147,67,55,70
56,61,73,82,147,67,55,70
56,61,73,82,147,67,55,70
56,61,73,82,147,67,55,70
56,61,73,82,147,67,55,70
56,61,73,82,147,67,55,70
56,73,61,82,147,67,55,70
56,73,61,82,147,67,55,70
56,73,61,82,147,67,70,128
56,73,61,82,147,67,70,128
56,73,61,82,147,67,70,128
56,73,61,82,147,67,70,128
56,73,61,82,147,67,70,128
56,73,61,82,147,67,55,144
56,73,61,82,147,67,192,55
56,73,61,82,147,67,192,55
56,73,61,82,147,67,192,55
56,73,61,82,147,67,192,55
56,73,61,82,147,67,192,55
56,73,61,82,147,67,192,55
56,73,61,82,147,67,192,55
56,73,61,82,147,67,192,55
56,73,61,82,147,67,192,55
56,73,61,82,147,67,192,55
56,73,61,82,147,67,192,55
165,73,61,147,82,67,192,55
165,73,61,147,82,67,192,55
165,73,61,147,82,67,192,55
